{
  "answer_accuracy": 0.5380397532556546,
  "answer_f1_score": 0.4976264544590886,
  "bleu_1": 0.22638849732166752,
  "bleu_2": 0.11691538380690719,
  "bleu_3": 0.061664394620476785,
  "bleu_4": 0.0323780534076611,
  "meteor": 0.1636101086774491,
  "cider": 0.3407977337913156,
  "rouge_l": 0.2374039815614613,
  "spice": 0.04306171334996267,
  "bertscore_p": 0.7157143702610599,
  "bertscore_r": 0.7287297073124545,
  "bertscore_f": 0.7218202806147982
}